Country,Country code,Survey year,Prevalence (%),Substance,Recall period,Age,Sample size,Males (%),Females (%)
Austria,AT,2020,27.2,Cannabis,Lifetime,Young adults (15-34),1712,26.8,27.6
Belgium,BE,2018,32.8,Cannabis,Lifetime,Young adults (15-34),772,39,26.6
Bulgaria,BG,2020,17.9,Cannabis,Lifetime,Young adults (15-34),1401,18.2,17.6
Croatia,HR,2019,36,Cannabis,Lifetime,Young adults (15-34),1967,42.5,29.2
Cyprus,CY,2022,24.7,Cannabis,Lifetime,Young adults (15-34),1540,31,18.2
Czechia,CZ,2020,44.1,Cannabis,Lifetime,Young adults (15-34),927,56.7,30.8
Denmark,DK,2023,41.7,Cannabis,Lifetime,Young adults (15-34),1872,48.1,35.3
Estonia,EE,2018,46,Cannabis,Lifetime,Young adults (15-34),757,52.5,41.5
Finland,FI,2022,37.3,Cannabis,Lifetime,Young adults (15-34),1814,41.8,32.1
France,FR,2021,54.5,Cannabis,Lifetime,Young adults (15-34),5255,60.4,48.8
Germany,DE,2021,45.6,Cannabis,Lifetime,Young adults (15-34),4103,50.1,40.8
Greece,GR,2015,10.6,Cannabis,Lifetime,Young adults (15-34),464,12,9
Hungary,HU,2019,10.8,Cannabis,Lifetime,Young adults (15-34),442,15.3,6.5
Ireland,IE,2019,27.3,Cannabis,Lifetime,Young adults (15-34),,,
Italy,IT,2022,46,Cannabis,Lifetime,Young adults (15-34),1295,50.1,41.7
Latvia,LV,2020,23.2,Cannabis,Lifetime,Young adults (15-34),1627,30.3,15.6
Lithuania,LT,2021,23.3,Cannabis,Lifetime,Young adults (15-34),902,31.2,14.5
Luxembourg,LU,2019,32.7,Cannabis,Lifetime,Young adults (15-34),1052,38.1,29.5
Netherlands,NL,2022,39.4,Cannabis,Lifetime,Young adults (15-34),2157,45.2,33.4
Norway,NO,2022,32.2,Cannabis,Lifetime,Young adults (15-34),844,35.4,28.9
Poland,PL,2018,19.1,Cannabis,Lifetime,Young adults (15-34),1118,24.6,13.3
Portugal,PT,2022,15.2,Cannabis,Lifetime,Young adults (15-34),2550,20.7,9.5
Romania,RO,2019,9.5,Cannabis,Lifetime,Young adults (15-34),3549,12.4,6.6
Slovakia,SK,2023,34,Cannabis,Lifetime,Young adults (15-34),,41,26.3
Slovenia,SI,2018,33.1,Cannabis,Lifetime,Young adults (15-34),3054,36.6,29.4
Spain,ES,2022,47.2,Cannabis,Lifetime,Young adults (15-34),11495,53.4,40.8
Sweden,SE,2022,22.9,Cannabis,Lifetime,Young adults (15-34),2704,27.8,17.7
Turkey,TR,2017,3.9,Cannabis,Lifetime,Young adults (15-34),,7.3,0.4